Time	signal[0]
1	0.300001
2	0.290894
3	0.305815
4	0.320868
5	0.305815
6	0.310433
7	0.292763
8	0.278197
9	0.280273
10	0.287133
11	0.290021
12	0.290389
13	0.290997
14	0.296952
15	0.294248
16	0.293814
17	0.294032
18	0.293079
19	0.293541
20	0.29423
21	0.285955
22	0.286491
23	0.287286
24	0.276923
25	0.29424
26	0.293035
27	0.295046
28	0.294806
29	0.295298
30	0.292504
31	0.294781
32	0.295884
33	0.29444
34	0.294187
35	0.292497
36	0.294293
37	0.294573
38	0.294223
39	0.294562
40	0.294657
41	0.294187
